date,weekday,d1_kwh,d2_kwh
2026-10-01,Thu,115.2,99.2
2026-10-02,Fri,121.4,111.8
2026-10-03,Sat,78.6,109.2
2026-10-04,Sun,82.4,110.7
2026-10-05,Mon,123.8,100.6
2026-10-06,Tue,118.2,108.4
2026-10-07,Wed,118.1,102.4
2026-10-08,Thu,121.8,102.7
2026-10-09,Fri,118.4,107.5
2026-10-10,Sat,88.6,109.4
2026-10-11,Sun,78.3,106.0
2026-10-12,Mon,123.1,101.9
2026-10-13,Tue,119.6,100.9
2026-10-14,Wed,119.5,112.2
2026-10-15,Thu,121.0,108.0
2026-10-16,Fri,116.3,108.6
2026-10-17,Sat,87.6,115.9
2026-10-18,Sun,77.3,100.9
2026-10-19,Mon,119.2,117.8
2026-10-20,Tue,111.8,120.8
2026-10-21,Wed,117.1,113.1
2026-10-22,Thu,123.9,109.1
2026-10-23,Fri,118.6,101.7
2026-10-24,Sat,89.1,110.0
2026-10-25,Sun,77.9,102.8
2026-10-26,Mon,130.9,104.9
2026-10-27,Tue,115.7,103.5
2026-10-28,Wed,128.1,106.4
2026-10-29,Thu,112.6,111.4
2026-10-30,Fri,121.0,102.2
